ds,yhat,yhat_lower,yhat_upper
2024-01-03 00:00:00,0.05709900267859601,0.0,0.23781528306099603
2024-01-04 02:00:00,0.13818691962043245,0.0,0.3235446308264638
2024-01-04 15:00:00,0.12569346286560762,0.0,0.3019384534906959
2024-01-05 04:00:00,0.1090555147431519,0.0,0.2851958841582493
2024-01-06 07:00:00,0.1619386609751527,0.0,0.34827640249198205
2024-01-06 20:00:00,0.09276006240699,0.0,0.2774187842528561
2024-01-07 09:00:00,0.1733885185762508,0.010718176919940191,0.35048397231537665
2024-01-07 22:00:00,0.1044923279703908,0.0,0.29033342643332133
2024-01-08 11:00:00,0.2606425330891411,0.08376382135335562,0.4485975070483841
2024-01-09 00:00:00,0.19955295608192278,0.028049109846049556,0.3765234196248765
2024-01-09 13:00:00,0.28877664735263286,0.10303965635327386,0.48339447419904796
2024-01-10 02:00:00,0.2589256698307131,0.07647650048672555,0.44718663636813427
2024-01-10 16:00:00,0.2626219782783529,0.08589398791082235,0.441404172440291
2024-01-11 05:00:00,0.27696445976685313,0.09591859521137407,0.4603543010402824
2024-01-11 18:00:00,0.22527121209456552,0.05204190990330091,0.4184822397976446
2024-01-12 07:00:00,0.2624813684336116,0.08397355159912774,0.4500895774011474
2024-01-12 20:00:00,0.1982410492111299,0.017066536870460572,0.37108426256188864
2024-01-13 09:00:00,0.26893297345298034,0.08281561557779248,0.46413442760821194
2024-01-13 22:00:00,0.15234859181019378,0.0,0.332361239187048
2024-01-14 11:00:00,0.276167814874763,0.09915010702932994,0.4660109718498524
2024-01-15 01:00:00,0.28012508032851635,0.10799732629422988,0.4735611184404011
2024-01-15 14:00:00,0.364610966073838,0.17693866053345444,0.5558135437495549
2024-01-16 03:00:00,0.342100641627908,0.1601642831808721,0.5284318028389401
2024-01-16 16:00:00,0.3109343269466964,0.12240101258313082,0.4815170656746647
2024-01-17 05:00:00,0.333852069855054,0.15095282060332021,0.5255511051727151
2024-01-17 18:00:00,0.3129814271105954,0.12301599612584499,0.49184559430616615
2024-01-18 07:00:00,0.3443444726235856,0.15569395037252146,0.5368821880629461
2024-01-18 20:00:00,0.23790216377700169,0.05185681212028557,0.42821859436475546
2024-01-19 10:00:00,0.27723078930329437,0.10591733042851868,0.4599128517945409
2024-01-19 23:00:00,0.1783157335662471,0.0,0.3630411365649505
2024-01-20 12:00:00,0.2906832539879123,0.1032078178698966,0.4683278961004757
2024-01-21 01:00:00,0.22949374123892208,0.04841688217819067,0.4051193356312699
2024-01-21 14:00:00,0.29432239917557595,0.10475720032231277,0.4756181027867318
2024-01-22 03:00:00,0.3087174285466331,0.12185540443580022,0.4826972568687197
2024-01-22 16:00:00,0.3128744232381085,0.146842081063371,0.5054794930913934
2024-01-23 05:00:00,0.3227876143897702,0.15688345180980887,0.49677107921429153
2024-01-23 18:00:00,0.27915825287133844,0.09760397078711687,0.46133380890220266
2024-01-24 08:00:00,0.3295896065090599,0.1527783393522522,0.5214460621233732
2024-01-24 21:00:00,0.22392275219189609,0.044911159619613304,0.4191213137621468
2024-01-25 10:00:00,0.28140533926738426,0.09736984143572668,0.46030096006948723
2024-01-25 23:00:00,0.14432071509127045,0.0,0.3314048463753626
2024-01-26 12:00:00,0.24704470831644243,0.06631819072986855,0.410809893893073
2024-01-27 01:00:00,0.19557953029576552,0.009872500719192207,0.37275159120272683
2024-01-27 14:00:00,0.2386772439928273,0.049630565219788536,0.4180476134984892
2024-01-28 03:00:00,0.2081795524735611,0.03196013319613483,0.39326243447352605
2024-01-28 17:00:00,0.20324227650812277,0.034188830092235424,0.398989353770722
2024-01-29 06:00:00,0.28079923680912305,0.09104998290936901,0.46814522820040166
2024-01-29 19:00:00,0.25403236221467723,0.07309181460814218,0.43394374310167416
2024-01-30 21:00:00,0.17931053946289327,0.004936898801406596,0.36926076896817783
2024-01-31 10:00:00,0.2699818860841164,0.07047693768633476,0.44401652168249683
2024-01-31 23:00:00,0.16522504474527616,0.0,0.3427542008146517
2024-02-01 12:00:00,0.25363379393230256,0.05788414143094738,0.4367038156053796
2024-02-02 02:00:00,0.19332813792874798,0.0,0.36898510382794986
2024-02-02 15:00:00,0.1960776773390411,0.008312937006314835,0.3779500901986112
2024-02-03 04:00:00,0.19770773652858942,0.005759575983324633,0.39382413220693285
2024-02-03 17:00:00,0.16848013924740268,0.0,0.3493973338632913
2024-02-04 06:00:00,0.2098575334333721,0.028159801212175692,0.40221871180376806
2024-02-04 19:00:00,0.1981004108925052,0.019431195204696432,0.37774891961113444
2024-02-05 08:00:00,0.2940574247164758,0.11615856529639561,0.47111559963660204
2024-02-05 21:00:00,0.20698205610795564,0.022301254846629547,0.38105404821156247
2024-02-06 10:00:00,0.2824115372951287,0.10116715433887156,0.47352310890516985
2024-02-07 00:00:00,0.20667146490733632,0.018335223199908924,0.3960651852045314
2024-02-07 13:00:00,0.3128283694553401,0.1249274296911905,0.4909354784748192
2024-02-08 02:00:00,0.27307244638268446,0.09138360231001245,0.46195494162628886
2024-02-08 15:00:00,0.253558333284944,0.06676534288961859,0.43156368248721144
2024-02-09 04:00:00,0.23014577905551833,0.047042381572740974,0.4200807315044617
2024-02-09 17:00:00,0.20992665679918746,0.02685261438113047,0.39704536864456647
2024-02-10 06:00:00,0.25847902747227475,0.08670132571286861,0.45894205917630254
2024-02-10 19:00:00,0.21426572940164862,0.033177555274187205,0.4013460201133583
2024-02-11 09:00:00,0.2697976851332825,0.06611005035821887,0.45500382870239114
2024-02-11 22:00:00,0.1956497085883743,0.010722419316013511,0.38617534890066657
2024-02-12 11:00:00,0.3468873539432724,0.16348772234307984,0.5228217046951495
2024-02-13 00:00:00,0.28123194147007924,0.09691477440408812,0.4611708724449275
2024-02-13 13:00:00,0.36624175590648655,0.17692185675746788,0.5488784899422834
2024-02-14 02:00:00,0.33253184570158767,0.16616866799436533,0.5202396873300131
2024-02-14 15:00:00,0.3517846624926758,0.16140200240871574,0.5425633581160466
2024-02-15 04:00:00,0.34149996946753525,0.15906544450882731,0.5224059703967406
2024-02-15 18:00:00,0.28922622609372306,0.09715749132840476,0.48530732029915186
2024-02-16 07:00:00,0.3240096770321511,0.1464305485271563,0.5067139041616728
2024-02-16 20:00:00,0.2576796242891982,0.07672458727399226,0.45343790097769515
2024-02-17 09:00:00,0.3266092142825921,0.12419055769423708,0.5062224669854267
2024-02-17 22:00:00,0.20857855686029142,0.025934409778636314,0.3979769662199016
2024-02-18 11:00:00,0.33125456601148884,0.1482985488865205,0.5214487748251162
2024-02-19 00:00:00,0.29544090276864254,0.11429856200801738,0.4696951139434464
2024-02-20 03:00:00,0.3954088332558041,0.2189437742405947,0.5785740615176714
2024-02-20 16:00:00,0.3641702892667824,0.18060458441945942,0.5444409133911398
2024-02-21 05:00:00,0.38723198389397234,0.20588208091725413,0.5641703379022565
2024-02-21 18:00:00,0.3667012410892113,0.18442532670006076,0.5476971509339011
2024-02-22 07:00:00,0.39857922052494066,0.20338879926403808,0.5827220554873386
2024-02-22 20:00:00,0.2928054337057478,0.11228079692440118,0.4862022557799412
2024-02-23 09:00:00,0.3409342605231874,0.16714165534477607,0.5265130692506184
2024-02-23 22:00:00,0.2299881963786361,0.04084812342747481,0.42395009422557617
2024-02-24 11:00:00,0.33738595990100717,0.15895833165647294,0.5211406587227773
2024-02-25 01:00:00,0.28825162828132234,0.09222205746962876,0.4667025461228605
2024-02-25 14:00:00,0.35418926275394474,0.1533849665046556,0.5407502424362866
2024-02-26 03:00:00,0.36971359334628384,0.19239713914657802,0.5584326378531507
2024-02-26 16:00:00,0.3749991261991411,0.19988689534848608,0.565635452774807
2024-02-27 18:00:00,0.34345640800198995,0.15201768772121352,0.5262793193054377
2024-02-28 07:00:00,0.3940484636655651,0.21160381414726334,0.577493813142314
2024-02-28 20:00:00,0.3206439772249589,0.12325864144234482,0.5036226368492444
2024-02-29 23:00:00,0.21215671230149402,0.04337872750211627,0.40210536458943713
2024-03-01 12:00:00,0.3154649697941659,0.1411860797983886,0.48829058843412765
2024-03-02 01:00:00,0.26444281610389575,0.07912123182787034,0.4381043470775313
2024-03-02 14:00:00,0.3078298442433859,0.13217445634202102,0.49517465135286715
2024-03-03 03:00:00,0.277456552618945,0.10175868773990338,0.44821710429251327
2024-03-03 16:00:00,0.27742784715651825,0.09941758005797648,0.46255377838007267
2024-03-04 19:00:00,0.3225597490795966,0.13223987428984735,0.5022048473171977
2024-03-05 08:00:00,0.3620029593798908,0.1745962349019811,0.5317881219753262
2024-03-05 21:00:00,0.24636298453976332,0.055321926970744305,0.4192577074982168
2024-03-06 23:00:00,0.2299838539992291,0.04784427442231082,0.40045987164276164
2024-03-07 12:00:00,0.3169343970342061,0.1371194240331809,0.4930058535715345
2024-03-08 01:00:00,0.23334975951540082,0.046691721920063614,0.40799085295349036
2024-03-08 14:00:00,0.27643430687805964,0.09776290425246585,0.46274487541082976
2024-03-09 03:00:00,0.25718000730279694,0.08167633034779358,0.4479498918754227
2024-03-09 17:00:00,0.22370926201368815,0.02751166528020111,0.41062136630632773
2024-03-10 06:00:00,0.26260092660673673,0.06915689703793536,0.45382397118552065
2024-03-10 19:00:00,0.24816835604659587,0.05328803688065997,0.4242330363025729
2024-03-11 08:00:00,0.3412664358105066,0.1466862019756088,0.5266446541633892
2024-03-11 21:00:00,0.25115561381229334,0.0698436415339772,0.4301390928454423
2024-03-12 10:00:00,0.32338075144166767,0.14614950034956328,0.5181208115570994
2024-03-12 23:00:00,0.21484741028493798,0.02877005307497487,0.39872551703390247
2024-03-13 12:00:00,0.3392251547637728,0.16505622680313592,0.5252086505285002
2024-03-14 02:00:00,0.30321285037178153,0.12571832057715923,0.4979997672710136
2024-03-14 15:00:00,0.2798960230892197,0.08814382339815027,0.4557637343400871
2024-03-15 04:00:00,0.2525582218530192,0.07498259328650071,0.430836044608877
2024-03-15 17:00:00,0.22830368241726473,0.05078642338148629,0.4184110850598523
2024-03-16 06:00:00,0.2727185739792126,0.0943550254348222,0.46755454167345695
2024-03-16 19:00:00,0.22427619063730792,0.04797894205316396,0.41072567462736675
2024-03-17 08:00:00,0.28281678483440265,0.10752130624014218,0.47210814242346627
2024-03-17 21:00:00,0.2137381519820558,0.030451171487731157,0.39646683645177283
2024-03-18 11:00:00,0.343422578064714,0.15631999584461984,0.5330013352137584
2024-03-19 00:00:00,0.27327369006313723,0.0948397886435529,0.4649976900320021
2024-03-19 13:00:00,0.3537517743286432,0.15702231429269484,0.5280472531325715
2024-03-20 02:00:00,0.315482175591283,0.13547021199988768,0.5002147371612667
2024-03-20 15:00:00,0.33015750921234477,0.14116222147929258,0.5073822558924242
2024-03-21 04:00:00,0.31528755349051657,0.13139011555982025,0.5110656513853127
2024-03-21 17:00:00,0.2590395095695462,0.06361503760631478,0.448115807364625
2024-03-22 06:00:00,0.2776726305705119,0.10274684539346672,0.4667068776569613
2024-03-22 19:00:00,0.2363796022709902,0.07019650415406851,0.4216277816531133
2024-03-23 09:00:00,0.2818264497618731,0.0953255429895871,0.46501911835928367
2024-03-23 22:00:00,0.1593195900221702,0.0,0.3403849083714024
2024-03-24 11:00:00,0.27756898272752073,0.0926797336438519,0.47121289248465903
2024-03-25 00:00:00,0.237387195241115,0.04728886415162906,0.4289826385422205
2024-03-25 13:00:00,0.3628850294117163,0.18051903344120357,0.5444735958760375
2024-03-26 02:00:00,0.32433472543366937,0.14247465969380418,0.5054470617749859
2024-03-26 15:00:00,0.3138153045387997,0.1171278990395212,0.49765592958621124
2024-03-27 04:00:00,0.30785090849520597,0.1167088069918527,0.493426626288929
2024-03-27 18:00:00,0.28768974873423414,0.10150816214962897,0.4708083424307055
2024-03-28 07:00:00,0.3157411266914137,0.15532177858787552,0.5013646807562102
2024-03-28 20:00:00,0.20625999999955613,0.026761034855127968,0.40199299366963037
2024-03-29 09:00:00,0.2508092578014953,0.0679800534775284,0.4416710324507122
2024-03-29 22:00:00,0.13641994080911457,0.0,0.31220279359948266
2024-03-30 11:00:00,0.24051936270133928,0.061055607136969545,0.4181363448084315
2024-03-31 00:00:00,0.15292883205087515,0.0,0.33371274323613054
2024-03-31 13:00:00,0.2573132429352635,0.07675697471158308,0.4281842803871822
2024-04-01 03:00:00,0.26369941338572145,0.08421821744040553,0.43535850795270736
2024-04-01 16:00:00,0.2663677046244838,0.0707100839297328,0.45935143576946097
2024-04-02 05:00:00,0.2749604887229875,0.09928402300848854,0.4491675659952017
2024-04-02 18:00:00,0.2301681891405003,0.05908417935672381,0.4097246696564626
2024-04-03 07:00:00,0.27873869992618483,0.09503605408312688,0.4678952095337204
2024-04-03 20:00:00,0.2035292860915953,0.026431618479201596,0.3838686971949389
2024-04-04 09:00:00,0.24042386506001423,0.05681554610037206,0.42345721030514805
2024-04-04 22:00:00,0.08951135507316567,0.0,0.262168021542905
2024-04-05 11:00:00,0.1828072239866621,0.010369913246772597,0.36429801251524613
2024-04-06 01:00:00,0.14239973788332824,0.0,0.3135576256409289
2024-04-06 14:00:00,0.1852193652720907,0.0035723334509963184,0.3698092634884078
2024-04-07 03:00:00,0.1545486494369719,0.0,0.335438661562488
2024-04-07 16:00:00,0.15450058832479702,0.0,0.3319986715189727
2024-04-08 05:00:00,0.21243951598778907,0.03883198296996228,0.39650897502496796
2024-04-08 18:00:00,0.20430182177351675,0.014946874008889017,0.38921887241220715
2024-04-09 07:00:00,0.24180777199689518,0.06004269419341194,0.41177967520313286
2024-04-09 20:00:00,0.15600269774542172,0.0,0.33612776876483513
2024-04-10 10:00:00,0.21779623827683078,0.020646271069394182,0.4075289759579306
2024-04-10 23:00:00,0.11360858687956334,0.0,0.3066066800331208
2024-04-11 12:00:00,0.22226754820517267,0.03141190275150605,0.40770522649848095
2024-04-12 01:00:00,0.14114875974025862,0.0,0.3256418904426826
2024-04-12 14:00:00,0.1870263468143936,0.0,0.3804680335461731
2024-04-13 03:00:00,0.1510501661174861,0.0,0.34144352543727247
2024-04-13 16:00:00,0.12937953148262163,0.0,0.31791209479614774
2024-04-14 05:00:00,0.15071549854404193,0.0,0.32333833299256265
2024-04-14 19:00:00,0.15370120725174322,0.0,0.34429643387091874
2024-04-15 08:00:00,0.25125119015508995,0.06615093682568081,0.4413259714878907
2024-04-15 21:00:00,0.16590997169194566,0.0,0.3341636138765959
2024-04-16 10:00:00,0.24321633869579415,0.061099852302597464,0.43639963695361694
2024-04-16 23:00:00,0.14006837354022283,0.0,0.3198413004572398
2024-04-17 12:00:00,0.2701267242643867,0.0804257305061608,0.4543934373323679
2024-04-18 01:00:00,0.21864621930887318,0.01991938572040321,0.4133343753609975
2024-04-18 14:00:00,0.2465347917706505,0.05120429465701974,0.4260453586366758
2024-04-19 03:00:00,0.20498894946722013,0.028501090844334723,0.3825839223288423
2024-04-19 17:00:00,0.18517860622787458,0.007750076028823711,0.36378953114432594
2024-04-20 06:00:00,0.2365818681215807,0.05372665872827178,0.4374542270600113
2024-04-20 19:00:00,0.19533725406884142,0.0,0.36294750498181044
2024-04-21 08:00:00,0.2612657692167928,0.06026243675796773,0.4457134786183771
2024-04-21 21:00:00,0.1997446002247034,0.008647301082233761,0.3881443325081768
2024-04-22 10:00:00,0.33186350103660395,0.14624544450086696,0.5197644242877693
2024-04-22 23:00:00,0.24664518404811703,0.0661797385505922,0.4322780470373669
2024-04-23 12:00:00,0.3572256583404765,0.16845179037530822,0.5378290054001701
2024-04-24 02:00:00,0.3335756008878245,0.15256430568973797,0.5329187799278515
2024-04-24 15:00:00,0.35630645772100655,0.17098833200224633,0.542178415044545
2024-04-25 04:00:00,0.34951107613911525,0.15690035304245253,0.522883691117208
2024-04-25 17:00:00,0.3013286192067805,0.11075618370971192,0.49019885062603696
2024-04-26 06:00:00,0.32798968404567586,0.14207839261230476,0.5222464325516519
2024-04-26 19:00:00,0.2946578157963921,0.1010229473432524,0.4882387916184354
2024-04-27 08:00:00,0.3576764101886971,0.16958107503380737,0.5417101002476526
2024-04-27 21:00:00,0.25409611801436205,0.0642169178808971,0.4361955767123952
2024-04-28 11:00:00,0.35961031762853174,0.1839104493684669,0.5421508389052309
2024-04-29 00:00:00,0.32681102149411867,0.13291079722824983,0.5063789770943722
2024-04-29 13:00:00,0.4594744637934897,0.2700235203257601,0.650614806511684
2024-04-30 02:00:00,0.4278440129617228,0.25256965133047377,0.6130628567515158
2024-04-30 15:00:00,0.4239704288643911,0.23226963160421524,0.5908188552020269
2024-05-01 04:00:00,0.42435036652564184,0.24648985144608146,0.6077511028677474
2024-05-01 17:00:00,0.409213289041213,0.2297257771939587,0.5983648973396034
2024-05-02 06:00:00,0.43531967719942266,0.2433174005753782,0.6105481180673505
2024-05-02 19:00:00,0.36166072564224394,0.1963747485194571,0.5435553047782273
2024-05-03 09:00:00,0.3895160061047812,0.21221225335679017,0.5633179929481607
2024-05-03 22:00:00,0.2795563307709045,0.10233525709953273,0.45528355213591043
2024-05-04 11:00:00,0.3876427451679036,0.20221384717531551,0.5692800778542073
2024-05-05 00:00:00,0.3035790153506493,0.11531400001454523,0.48872924632167136
2024-05-07 04:00:00,0.4325852672507047,0.25619889822412306,0.6053197045122374
2024-05-07 18:00:00,0.3911374824072743,0.21355281814140717,0.5680753462726309
2024-05-08 07:00:00,0.44018268318850406,0.25740118865243405,0.6371857554250677
2024-05-08 20:00:00,0.36492563624146346,0.17797488146130744,0.5565313804946495
2024-05-09 22:00:00,0.24925173598445385,0.06102913117671309,0.44259333238046955
2024-05-10 11:00:00,0.34094874949738563,0.15085507553666672,0.5339883486888031
2024-05-11 00:00:00,0.2631069087792114,0.07916742373527481,0.45605184786385217
2024-05-11 13:00:00,0.3480483952922675,0.15152152945816963,0.5294088737535166
2024-05-12 03:00:00,0.30466430728400185,0.1303975234139561,0.4911882602090033
2024-05-12 16:00:00,0.3010451980627987,0.11403311922702157,0.481553724975616
2024-05-14 07:00:00,0.37506570470975026,0.1960150398932626,0.5655103784345643
2024-05-14 20:00:00,0.2840499178480581,0.10540712066845423,0.45877366415657517
2024-05-15 09:00:00,0.34720301939042,0.16994531164533352,0.5260866359521973
2024-05-15 22:00:00,0.22634646466392094,0.05031732396087783,0.4089006338611971
2024-05-16 11:00:00,0.30381189691245325,0.12616817525567278,0.4868799935229212
2024-05-17 01:00:00,0.22481971093478897,0.03941281590086983,0.4117350097417352
2024-05-17 14:00:00,0.264031548744667,0.08661844332652353,0.4545234834154296
2024-05-18 03:00:00,0.24104475402840383,0.06850251474459103,0.4127200382810847
2024-05-18 16:00:00,0.21236649391860196,0.03316916915134157,0.3997193345056183
2024-05-19 05:00:00,0.22657681068795912,0.0372255162836063,0.4058228015390561
2024-05-19 18:00:00,0.2226923296744715,0.03519818019232661,0.3980755006689013
2024-05-20 07:00:00,0.3093956474727048,0.12030111107208426,0.49607225387920784
2024-05-20 20:00:00,0.24937664597026685,0.06591843515696784,0.419760654756791
2024-05-21 10:00:00,0.28956207060698197,0.09302515549147718,0.47205689228087633
2024-05-21 23:00:00,0.1792459618444715,0.0,0.3671007388151193
2024-05-22 12:00:00,0.302236207861562,0.1148553549951371,0.4834853975756525
2024-05-23 01:00:00,0.24382190870762732,0.05145359305606081,0.42492235785891547
2024-05-23 14:00:00,0.26494426009812894,0.07900214980688035,0.43598096151387794
2024-05-24 03:00:00,0.21683182850557933,0.036422512560790064,0.4019087246656248
2024-05-24 16:00:00,0.197225350356042,0.005122482110102089,0.3782210902458473
2024-05-25 05:00:00,0.22339648430058345,0.04519290994890965,0.3970868992822267
2024-05-25 19:00:00,0.1885440302222554,0.01313893133205605,0.3676668603884455
2024-05-26 08:00:00,0.24901962779465484,0.06654422625243586,0.42816802105719814
2024-05-26 21:00:00,0.18238288140534914,0.004099341320147785,0.3661588239466987
2024-05-27 10:00:00,0.3097446117410863,0.1316655441505548,0.4944486412387387
2024-05-27 23:00:00,0.22014629411413095,0.04477820635815273,0.4083660519120771
2024-05-28 12:00:00,0.3267402938848619,0.14599834954163265,0.5062983882767996
2024-05-29 01:00:00,0.2753807992529103,0.07942662337946822,0.46572147028819944
2024-05-29 14:00:00,0.3391955181802914,0.1589431272643524,0.5135686221843723
2024-05-30 03:00:00,0.31269427206721045,0.12428510565819662,0.5028284780456869
2024-05-30 17:00:00,0.2589122513040539,0.06260518672024219,0.44725359773872664
2024-05-31 06:00:00,0.28374405343419334,0.09901054082372926,0.47276248918822283
2024-05-31 19:00:00,0.2490202598345817,0.06925531545282866,0.4270412919216069
2024-06-01 08:00:00,0.31108206394726,0.12851371477635518,0.48934083278319374
2024-06-01 21:00:00,0.2069752852910691,0.021576373169954862,0.39640917317423535
2024-06-02 10:00:00,0.30670102011418243,0.11175186370761808,0.4917059087713085
2024-06-02 23:00:00,0.24732862365016822,0.07956020645004727,0.4326258523595246
2024-06-03 12:00:00,0.40448239455503715,0.21626846206379857,0.5805091427012474
2024-06-04 02:00:00,0.3828347432646037,0.20338096149073231,0.5561022753111279
2024-06-04 15:00:00,0.38045379166204124,0.2027907306178042,0.5755866195712428
2024-06-05 04:00:00,0.382674892849539,0.18775833033792663,0.577581521024421
2024-06-05 17:00:00,0.3697064405636397,0.1879115232535843,0.5451830868910224
2024-06-09 00:00:00,0.28286133487472154,0.09581021751610982,0.46884345639686126
2024-06-09 13:00:00,0.39404959296077585,0.21264258009718182,0.5944838295525834
2024-06-10 02:00:00,0.3986705343465,0.2225473737651918,0.581420649457965
2024-06-10 15:00:00,0.4349199636535833,0.2560054788010957,0.6190630490107554
2024-06-11 04:00:00,0.42740130876932547,0.24152032025276918,0.6182416115027957
2024-06-11 17:00:00,0.38927261228499577,0.20714742679178713,0.591414075525763
2024-06-12 06:00:00,0.4314742700570404,0.24052798057366806,0.6018925406886452
2024-06-12 19:00:00,0.3920430220129261,0.20748068210966636,0.5920806902442285
2024-06-13 09:00:00,0.41215856138019313,0.22496731817428395,0.587825447344122
2024-06-13 22:00:00,0.26392065581404844,0.08840509766022075,0.44276259713123256
2024-06-14 11:00:00,0.3592508660464666,0.16191431152586733,0.5455503794971666
2024-06-15 00:00:00,0.08768367452000783,0.0,0.28856437472667423
2024-06-15 13:00:00,0.1759275606831442,0.0,0.35921579088464006
2024-06-16 02:00:00,0.12127862209685603,0.0,0.3047820998743785
2024-06-16 15:00:00,0.14337504242902133,0.0,0.3305396278369323
2024-06-17 04:00:00,0.15321585830655762,0.0,0.32477428993407204
2024-06-17 18:00:00,0.1494480425523315,0.0,0.34630681177837613
2024-06-18 07:00:00,0.18421775876230612,0.005161121571438655,0.38044980574368054
2024-06-18 20:00:00,0.09501935464500019,0.0,0.27670769275614737
2024-06-19 09:00:00,0.3889239521527483,0.2181986265327517,0.5776128791987709
2024-06-19 22:00:00,0.26929227613740137,0.08150352973077336,0.47544344455051063
2024-06-20 11:00:00,0.3476770255996792,0.17040476358344764,0.5284232819154857
2024-06-21 00:00:00,0.23586462256938567,0.04979952948080618,0.4337887225380036
2024-06-21 13:00:00,0.3173513584986282,0.13544417029137837,0.49514470465031657
2024-06-22 03:00:00,0.28580089339449316,0.09146449400125271,0.4645814014363038
2024-06-22 16:00:00,0.2567874179738415,0.07865867079111448,0.4389508068038043
2024-06-23 05:00:00,0.27036409550249263,0.0868050521357272,0.4606060676036086
2024-06-23 18:00:00,0.2655555383662801,0.08464844659436771,0.44576057153624743
2024-06-24 07:00:00,0.35105433379580087,0.1737230637552379,0.5322766983352898
2024-06-24 20:00:00,0.2895622606144949,0.1083846407822536,0.46823593335986397
2024-06-25 09:00:00,0.33714920706995066,0.14094657212886522,0.5303066959042032
2024-06-25 22:00:00,0.21094527557292175,0.02917952818531904,0.3855987661915852
2024-06-26 11:00:00,0.3243901987176726,0.14527425780098535,0.5015897573255405
2024-06-27 01:00:00,0.27553583532151926,0.08516294429776732,0.45322748410639946
2024-06-27 14:00:00,0.2940658396981675,0.10826403172722562,0.4955687168994507
2024-06-28 03:00:00,0.24319862118474694,0.05252874007928728,0.4225271302311987
2024-06-28 16:00:00,0.22069655049916523,0.04073692667372587,0.42144257570147736
2024-06-29 05:00:00,0.24385366174934123,0.0603615920831375,0.42594306038500646
2024-06-29 18:00:00,0.2099898432177238,0.019495661298832723,0.39536247067383523
2024-06-30 07:00:00,0.2611579590884361,0.07797776148935298,0.43248541271854035
2024-06-30 20:00:00,0.2192210593663429,0.03281530942361325,0.40011116210103503
2024-07-01 10:00:00,0.3171742833698996,0.13228348562914263,0.49936380171919625
2024-07-01 23:00:00,0.224319939795116,0.04934183425238669,0.40825444002757705
2024-07-02 12:00:00,0.32768123456900977,0.14771897389721259,0.5227902079259547
2024-07-03 01:00:00,0.27313496816678434,0.09055715019745535,0.45413576895367774
2024-07-03 14:00:00,0.3338308065283689,0.16477337283743881,0.5124911084219096
2024-07-04 03:00:00,0.30429971888871316,0.11511806167867077,0.4812273233438476
2024-07-04 16:00:00,0.25724148250415524,0.067674054068189,0.4425741257676331
2024-07-05 05:00:00,0.2577253866675089,0.0936478710583175,0.42640844755582435
2024-07-05 19:00:00,0.23206968439789277,0.057435021939161245,0.4158503975393627
2024-07-06 08:00:00,0.2916612415715392,0.10459131703343233,0.48423665986949715
2024-07-06 21:00:00,0.1852630770550493,0.0077462427613122576,0.36182389730269676
2024-07-07 10:00:00,0.2795086844068269,0.09584069364287318,0.4742769815530816
2024-07-07 23:00:00,0.2182411550890223,0.03604609753662464,0.4071112029414941
2024-07-08 12:00:00,0.3770948304013798,0.19864271254846583,0.5566918042043778
2024-07-09 01:00:00,0.3315589296301777,0.15496077523554197,0.5197828456504782
2024-07-09 14:00:00,0.37174202038920856,0.1957254328414675,0.5470691488047164
2024-07-10 03:00:00,0.3524537326208304,0.17997563797857774,0.5382630810721407
2024-07-10 17:00:00,0.3378246700154773,0.1501027745921869,0.5233521354650473
2024-07-11 06:00:00,0.3658994269082757,0.1848235146380012,0.5493131657548327
2024-07-11 19:00:00,0.2947251600106579,0.10831253015365368,0.4719243823131413
2024-07-12 08:00:00,0.3350153291430254,0.16266464152718602,0.5147059020973421
2024-07-12 21:00:00,0.23907717701686015,0.06412145684164096,0.4187159791668097
2024-07-13 10:00:00,0.328246880408436,0.14683129252369276,0.516383458134562
2024-07-13 23:00:00,0.22249143206929262,0.039841936286601334,0.3933299000462917
2024-07-14 12:00:00,0.3540775434952729,0.15791667688515643,0.5263291128423717
2024-07-15 02:00:00,0.3691724690967789,0.18549509133538203,0.5550655655039606
2024-07-15 15:00:00,0.40664733265725594,0.21634486164450167,0.5792379728063343
2024-07-16 04:00:00,0.40052150097257927,0.22132246860652022,0.5761201310102523
2024-07-16 04:00:01,0.40052103541233497,0.2335904006648217,0.5949376274687523
2024-07-16 15:39:57,0.37777307346260613,0.18467736178369104,0.5419481592216345
2024-07-17 03:19:54,0.39117847279108087,0.2097064103660428,0.5671657536705328
2024-07-17 14:59:50,0.40034362565267356,0.20497057967000834,0.5705253638972402
2024-07-18 02:39:47,0.3894599144154312,0.20064250576822928,0.5778428904894478
2024-07-18 14:19:43,0.37808022720551426,0.208224924322049,0.5649122187282567
2024-07-19 01:59:40,0.331473398808232,0.13790365577406472,0.5034061122324437
2024-07-19 13:39:36,0.3588021385246112,0.16874810890652195,0.5517002242482417
2024-07-20 01:19:33,0.31634975738383303,0.13128980226013356,0.49907675548366776
2024-07-20 12:59:29,0.3616517063599223,0.18366179864870097,0.5420457776185766
2024-07-21 00:39:26,0.2837174546875765,0.10714125046908993,0.45226061930358613
2024-07-21 12:19:22,0.3622133766388304,0.1768595526999343,0.5344715761249209
2024-07-21 23:59:19,0.30309192394501966,0.11615377990121689,0.49505859026169097
2024-07-22 11:39:15,0.41534734441142906,0.23425007900978503,0.5909245076280578
2024-07-22 23:19:12,0.31202746655660774,0.14042725575747622,0.48719517163938536
2024-07-23 10:59:09,0.3933322367714569,0.2029416426694373,0.5809851354097908
2024-07-23 22:39:05,0.27464396033338934,0.07510768960418639,0.4630798781807541
2024-07-24 10:19:02,0.38420188059312316,0.2057652029695807,0.567365042880518
2024-07-24 21:58:58,0.2740764322266241,0.08564433352574102,0.4531829437931889
2024-07-25 09:38:55,0.3562406115944929,0.18175589036127415,0.5349321735347956
2024-07-25 21:18:51,0.22771091381936764,0.04988907537875119,0.4084375575392283
2024-07-26 08:58:48,0.3134254758134475,0.12539551628864204,0.4942290166598183
2024-07-26 20:38:44,0.2297855526099477,0.03969682194960724,0.404326986114395
2024-07-27 08:18:41,0.31697793550641246,0.14723778712791077,0.5049561698648248
2024-07-27 19:58:37,0.23564857179782372,0.04825859114986118,0.4121553428043922
2024-07-28 07:38:34,0.30942938059857483,0.12546751581170215,0.48418093345720853
2024-07-28 19:18:30,0.2739179510740773,0.08083444701735534,0.46228394330162126
2024-07-29 06:58:27,0.36390443026628094,0.1711690680007862,0.5361576623575958
2024-07-29 18:38:24,0.3256666529434808,0.13869194322783987,0.49359278552443014
2024-07-30 06:18:20,0.35651216128865343,0.18422338761794768,0.5446201576251364
2024-07-30 17:58:17,0.2989553110552901,0.11800184660694171,0.4756517415101859
2024-07-31 05:38:13,0.33245456429777087,0.15940702972163176,0.5241831649516694
2024-07-31 17:18:10,0.29921975776405074,0.11633665287144529,0.48458161162350305
2024-08-01 04:58:06,0.3101280963827748,0.10838663177271166,0.47966909820215814
2024-08-01 16:38:03,0.2515926903810022,0.06553946913356208,0.43282561871311487
2024-08-02 04:17:59,0.25119401616861836,0.07318944279418725,0.4239220518113625
2024-08-02 15:57:56,0.23153763934735597,0.0456057217879211,0.41405723836127345
2024-08-03 03:37:52,0.2501238298611625,0.07529831146639793,0.4306810713143918
2024-08-03 15:17:49,0.23942892221795958,0.04403462353847166,0.4282328124686848
2024-08-04 02:57:45,0.23976830437188335,0.059579557849705395,0.4230544116574288
2024-08-04 14:37:42,0.26663081798948113,0.08649467075840958,0.44885672182081227
2024-08-05 02:17:38,0.2899075251406141,0.10304488402371552,0.4772208108117618
2024-08-05 13:57:35,0.34116132472463123,0.15985775050822779,0.518216200193378
2024-08-06 01:37:32,0.30505612658997916,0.11949818875588793,0.49976777066542727
2024-08-06 13:17:28,0.333247412253823,0.15983867135770707,0.5130896896744215
2024-08-07 00:57:25,0.27066583279022777,0.08778367829806338,0.4609527360343329
2024-08-07 12:37:21,0.337751443431743,0.1630561626417955,0.5242098803770296
2024-08-08 00:17:18,0.25068120088585794,0.06333275207958405,0.42907260951300014
2024-08-08 11:57:14,0.30292991701715144,0.1264393174254343,0.47994159457848623
2024-08-08 23:37:11,0.1770400241142116,0.008871213544087837,0.35247398694917637
2024-08-09 11:17:07,0.26190347958640653,0.07178660751315431,0.4439837214076322
2024-08-09 22:57:04,0.15949421720694515,0.0,0.3363322978681205
2024-08-10 10:37:00,0.2635185320176134,0.06797604710868121,0.4473761977033334
2024-08-10 22:16:57,0.15061558769620534,0.0,0.3196960540555982
2024-08-11 09:56:53,0.26914806077409187,0.09039599536367032,0.4622900909746738
2024-08-11 21:36:50,0.2025000025138063,0.015261606769084406,0.3855702186852293
2024-08-12 09:16:47,0.3451012763082695,0.17501647173905086,0.5186810525881165
2024-08-12 20:56:43,0.269144109335978,0.0691115026672194,0.43871214037601935
2024-08-13 08:36:40,0.3566186667829263,0.1684551034827336,0.5432414888592144
2024-08-13 20:16:36,0.2747561362073372,0.11029216886009367,0.456757676381988
2024-08-14 07:56:33,0.3648299927587603,0.18861428260868748,0.5581668628537427
2024-08-14 19:36:29,0.3065495614270846,0.12123176245327896,0.47892977686091137
2024-08-15 07:16:26,0.35667317018890826,0.17054150193259152,0.5257216173287589
2024-08-15 18:56:22,0.2761890402565446,0.09209339057857809,0.4618882687793684
2024-08-16 06:36:19,0.3120643244835272,0.11595006901087031,0.49783254386082504
2024-08-16 18:16:15,0.2709092050530449,0.09601091467840904,0.46609154818178977
2024-08-17 05:56:12,0.31477243766165064,0.1241457164462926,0.49479257648763325
2024-08-17 17:36:08,0.2733338174727,0.08146316109440528,0.44873449015856953
2024-08-18 05:16:05,0.3063326207593675,0.1214663522565899,0.4960876700267333
2024-08-18 16:56:01,0.3022498824445263,0.11784295774060985,0.460625262034733
2024-08-19 04:35:58,0.36755472693433106,0.19199405869435243,0.550777173508411
2024-08-19 16:15:55,0.37126433268215553,0.19070578704527613,0.5568801381191355
2024-08-20 03:55:51,0.3887976247582954,0.2071492365971875,0.558505451955879
2024-08-20 15:35:48,0.3689598742278922,0.18360318306954024,0.5524601443508396
2024-08-21 03:15:44,0.38296553694565405,0.1936947911688186,0.5600467498723815
2024-08-21 14:55:41,0.39560410382062144,0.20446482452328207,0.5760719287342608
2024-08-22 02:35:37,0.38519646748398156,0.19604231906372718,0.5720014300399663
2024-08-22 14:15:34,0.3777658204667902,0.18758303113726918,0.5676694718646096
2024-08-23 01:55:30,0.33112387058430515,0.1447924682116334,0.5133823237109905
2024-08-23 13:35:27,0.36262574137392334,0.18532700371938057,0.5490754925316054
2024-08-24 01:15:23,0.32023212205260354,0.13336027510777299,0.5032719812439832
2024-08-24 12:55:20,0.370176963832235,0.1850646785304355,0.5398213882004331
2024-08-25 00:35:16,0.29263895964876446,0.1099614648091642,0.46223407612118217
2024-08-25 12:15:13,0.3757155505547921,0.18621955203388546,0.5533193364185016
2024-08-25 23:55:10,0.3177437028214675,0.13144276426245566,0.48890838961628375
2024-08-26 11:35:06,0.43475263447498447,0.27313783233188593,0.6388659887347926
2024-08-26 23:15:03,0.3337972299143126,0.15589665542261497,0.5221408555580582
2024-08-27 10:54:59,0.4194084921007027,0.24506255111266823,0.6119991217163379
2024-08-27 22:34:56,0.30379507730575617,0.11657946955857285,0.4913258449844796
2024-08-28 10:14:52,0.4169699723783644,0.23335480869139352,0.5953841803285129
2024-08-28 21:54:49,0.31085038330671355,0.13898455718345554,0.4962887594936635
2024-08-29 09:34:45,0.3959517683318833,0.20273818663834217,0.5861310461374972
2024-08-29 21:14:42,0.27164016080431386,0.0949886115080622,0.4639313709146536
2024-08-30 08:54:38,0.3592046293206787,0.17070377290674996,0.5473834560099936
2024-08-30 20:34:35,0.2797556165372222,0.08865789912465996,0.4631547700443901
2024-08-31 08:14:31,0.36826935337539957,0.18778532712753868,0.557986673223393
2024-08-31 19:54:28,0.2908661946184526,0.12293440411410902,0.48071644429054305
2024-09-01 07:34:24,0.3653399704306646,0.1685581929836373,0.5520183825717454
2024-09-02 18:34:14,0.3887438143212399,0.20534646065666579,0.5841769517743775
2024-09-03 06:14:11,0.42040910734629294,0.23157459874889397,0.6164266422604322
2024-09-03 17:54:07,0.365325110840394,0.1653599251206873,0.5564504470086754
2024-09-04 05:34:04,0.39953912400030805,0.2121170407968443,0.5794286745203877
2024-09-04 17:14:00,0.36855990575676684,0.17973237475438342,0.559522817051089
2024-09-05 04:53:57,0.3802556108306445,0.2003517770232902,0.5642289664230266
2024-09-05 16:33:53,0.3236578845885121,0.13476941615694726,0.4938893820122451
2024-09-06 04:13:50,0.323313300220606,0.13606297072087312,0.51415473640231
2024-09-06 15:53:46,0.3051970268309346,0.13487432828808515,0.4852058509650057
2024-09-07 03:33:43,0.3231149195246239,0.14076555538157584,0.5072354189102407
2024-09-07 15:13:39,0.3137961460206178,0.127683850062635,0.49973365906453115
2024-09-08 02:53:36,0.31224493010828214,0.12611006680294798,0.4804234042463374
2024-09-08 14:33:33,0.33993604281312756,0.1626245617123651,0.5287986823273197
2024-09-09 02:13:29,0.36022662323226934,0.18754981520828468,0.5414986424350172
2024-09-09 13:53:26,0.4122286552809897,0.23546919672793065,0.596081034140208
2024-09-10 01:33:22,0.3723941962075995,0.17601600972863637,0.5530072480745497
2024-09-10 13:13:19,0.40078713207151956,0.20368359818140042,0.5904044918418199
2024-09-11 00:53:15,0.3337136507376056,0.1559420766150853,0.5206567046602917
2024-09-11 12:33:12,0.40053127224139456,0.2159604860787759,0.5652121805077626
2024-09-12 00:13:08,0.3091309817865912,0.12700431142948979,0.4729610457742044
2024-09-12 11:53:05,0.36059167149681315,0.18769303209503982,0.5525334574239378
2024-09-12 23:33:01,0.23049097886977876,0.041968420135529726,0.40549756821677047
2024-09-13 11:12:58,0.31356498129914967,0.11647545059722805,0.4885722289363581
2024-09-13 22:52:54,0.20748018360830867,0.02635266882539881,0.3865368766013429
2024-09-15 09:52:44,0.47338922070156353,0.2913253931828852,0.650195306506416
2024-09-15 21:32:41,0.4036304296440383,0.20496911143394042,0.5951244111770518
2024-09-16 09:12:37,0.3753518660109507,0.19325723708536607,0.5696625737334876
2024-09-16 20:52:34,0.2964835988833573,0.10966655117348054,0.48055688535930696
2024-09-17 08:32:30,0.37813661378398694,0.19660367793765515,0.5622959396021637
2024-09-17 20:12:27,0.29280215115255553,0.11410621527212544,0.47876197658825914
2024-09-18 07:52:23,0.37630992235397687,0.1890007803969152,0.560157790097743
2024-09-18 19:32:20,0.31431223242777995,0.12594627543037593,0.5048012500846406
2024-09-19 07:12:16,0.35783800901240537,0.17063539822319065,0.5412692363267003
2024-09-19 18:52:13,0.27316963406778527,0.07930201680373733,0.44071168271502875
2024-09-20 06:32:09,0.3023582471647358,0.11852662407236994,0.49198641368386253
2024-09-20 18:12:06,0.25673200454347456,0.08579863842547507,0.43208954552106354
2024-09-21 05:52:02,0.29445345268305684,0.107755729290493,0.481495479383165
2024-09-21 17:31:59,0.2486164853075594,0.06225216538749031,0.4397457532411044
2024-09-22 05:11:56,0.27570618438196887,0.08154022726492963,0.46793596470593574
2024-09-22 16:51:52,0.26719560793585917,0.08559481362436422,0.44684733551422434
2024-09-23 04:31:49,0.3268835527535795,0.14029509379454946,0.5106381309539465
2024-09-23 16:11:45,0.3267473088774659,0.14660843198519274,0.4983976778503818
2024-09-24 03:51:42,0.3386862119681099,0.16058266598942328,0.5126105625876518
2024-09-24 15:31:38,0.31516597068804314,0.12109831007831225,0.4765548908799434
2024-09-25 03:11:35,0.32302657776132754,0.1435422587285237,0.49600524675818075
2024-09-25 14:51:31,0.3324533409768929,0.14354061860117678,0.5238236894085205
2024-09-26 02:31:28,0.3157291865171872,0.13562224914572693,0.4852305870496939
2024-09-26 14:11:24,0.3055596937007259,0.12396412278438386,0.48436814821924107
2024-09-27 01:51:21,0.25216236352905697,0.06589194970649093,0.44286124424747764
2024-09-27 13:31:17,0.2812283994650402,0.09652471289750601,0.455257771860013
2024-09-28 01:11:14,0.2323588153709061,0.04783582161621438,0.41514183591944753
2024-09-28 12:51:11,0.28050817828286106,0.10802203947857646,0.47105295272182557
2024-09-29 00:31:07,0.197116489730619,0.011978120014375513,0.3815594008645565
2024-09-29 12:11:04,0.27859646104730496,0.10948001214667248,0.474393552971917
2024-09-29 23:51:00,0.2158638563480784,0.04514537144603321,0.39606215743449424
2024-09-30 11:30:57,0.3318183888209488,0.14571061314499248,0.5039280055985446
2024-09-30 23:10:53,0.22775536025411516,0.051332030799367864,0.40824662358667674
2024-10-01 10:50:50,0.31230323993055925,0.1370398014897488,0.49219319496631353
2024-10-01 22:30:46,0.19479228263294773,0.008923857936548379,0.37852719100099985
2024-10-02 10:10:43,0.3067361167497977,0.12521632224657955,0.5040693471057034
2024-10-02 21:50:39,0.20021892498625957,0.004208945596911635,0.3931733848258743
2024-10-03 09:30:36,0.284026807491612,0.10255212403455992,0.46617933629262454
2024-10-03 21:10:32,0.16017103323241313,0.0,0.34774794318632624
2024-10-04 08:50:29,0.24606616443781176,0.07017343864540435,0.43653914147185546
2024-10-04 20:30:25,0.1677520459029968,0.0,0.3392004710808663
2024-10-05 08:10:22,0.2548659953716996,0.06425769444127298,0.4472810922067559
2024-10-05 19:50:19,0.17910657499506638,0.0,0.35912228023250226
2024-10-06 07:30:15,0.2524255331348035,0.06697916692311429,0.43405320699102606
2024-10-06 19:10:12,0.22211856783334294,0.03490137970414734,0.3946622686167855
2024-10-07 06:50:08,0.31258363622684027,0.13127946227720222,0.5036596503313449
2024-10-07 18:30:05,0.2800650519893968,0.09242342009461249,0.4709382307656893
2024-10-08 06:10:01,0.3125220408846578,0.12303549523676854,0.4965730289372578
2024-10-08 17:49:58,0.2603020049045312,0.08372682601677185,0.44764729219501376
2024-10-09 05:29:54,0.2961165410853129,0.11999711526459056,0.48165299478984014
2024-10-09 17:09:51,0.2687244207826657,0.0864085949107339,0.45258101995993893
2024-10-10 04:49:47,0.28300153357038693,0.09616509933864445,0.47050403816178143
2024-10-10 16:29:44,0.23060798711030558,0.037514416518616506,0.41849595891853864
2024-10-11 04:09:40,0.23300656374254755,0.035658994470916396,0.42211851516500287
2024-10-11 15:49:37,0.21961341895335718,0.027039193280796472,0.3939840839557427
2024-10-12 03:29:34,0.24043054817733533,0.054430783184423674,0.4304433025342177
2024-10-12 15:09:30,0.23656364662453905,0.06001326175679719,0.4379959017281229
2024-10-13 02:49:27,0.23755821683982983,0.06212988336031094,0.4159834624455367
2024-10-13 14:29:23,0.27102028670656036,0.09505713259795813,0.4544524126458541
2024-10-14 02:09:20,0.29359411157535587,0.11981581153586866,0.48913295168382714
2024-10-14 13:49:16,0.35208900670032484,0.16889405755495976,0.53581221493657
2024-10-15 01:29:13,0.31461643159251523,0.1357235760050039,0.5045498390460119
2024-10-15 13:09:09,0.3496886804876367,0.17052546199571106,0.5364897843750849
2024-10-16 00:49:06,0.2849763055688787,0.08903099501286303,0.46915055750132495
2024-10-16 12:29:02,0.3586550196171808,0.17391678778351935,0.531295867199847
2024-10-17 00:08:59,0.2704554061501723,0.08559304568389224,0.47072582698948817
2024-10-17 11:48:55,0.32882683788746003,0.15192078285066424,0.4952903892156815
2024-10-17 23:28:52,0.20261504466805977,0.03300184576024385,0.3910345488808287
2024-10-18 11:08:48,0.29207094974850356,0.11753777220189575,0.4723897120190429
2024-10-18 22:48:45,0.19085421146580683,0.020666712711437326,0.37681266249382445
2024-10-19 10:28:42,0.29823137227709406,0.1170603897452401,0.4854588712369666
2024-10-19 22:08:38,0.18771327135924323,0.0,0.37948906235459157
2024-10-20 09:48:35,0.3072048277851849,0.1282647377709612,0.4859011602600292
2024-10-20 21:28:31,0.2434031045048418,0.04141520402061582,0.44096416633101965
2024-10-21 09:08:28,0.38532108173282587,0.1957669754854119,0.5595649756114726
2024-10-21 20:48:24,0.3127068952015639,0.13225653310045848,0.4918146862764061
2024-10-22 08:28:21,0.3976399487107549,0.22132701406991037,0.5846675450608277
2024-10-22 20:08:17,0.31798749261431103,0.13456820558759308,0.4897285074049892
2024-10-23 07:48:14,0.40402115002785827,0.22490966189175238,0.585308063381462
2024-10-23 19:28:10,0.3473438062554743,0.16536447890266678,0.5183641787184169
2024-10-24 07:08:07,0.39324656022276333,0.2046833138131575,0.5705151638640991
2024-10-24 18:48:03,0.3132200785373046,0.13274408030891102,0.5005507779379489
2024-10-25 06:28:00,0.3444578491532152,0.14760135217400464,0.5303963831320125
2024-10-25 18:07:57,0.3028698128789721,0.12459113103601151,0.4885656045077706
2024-10-26 17:27:50,0.30067874637561753,0.10908457580906437,0.4963042148113349
2024-10-27 05:07:46,0.32972715757456816,0.1513929279019184,0.5214333171434413
2024-10-27 16:47:43,0.324377679925148,0.1451044199930863,0.5095828218267155
2024-10-28 04:27:39,0.38571339489576245,0.20977397216169041,0.5712649815558705
2024-10-28 16:07:36,0.388707835024767,0.2018824981458225,0.576484949446884
2024-10-29 03:47:32,0.40163589532444366,0.21749140678124299,0.5881693036321468
2024-10-29 15:27:29,0.38071410272961004,0.19351035351527254,0.5610103978840916
2024-10-30 03:07:25,0.3882649665236474,0.20543685997346128,0.5665237650432773
2024-10-30 14:47:22,0.3999971653372037,0.2283751606588925,0.5945900311843586
2024-10-31 02:27:18,0.3820025238415798,0.21014468284772458,0.5518095169338104
2024-10-31 14:07:15,0.3737956051770373,0.1859637250438335,0.5543568268299325
2024-11-01 01:47:11,0.3178712028515994,0.12276396124946189,0.5028000939352483
2024-11-01 13:27:08,0.34834285102907325,0.1700034785552605,0.5375346937012904
2024-11-02 01:07:05,0.29638939728093233,0.10062117260043277,0.4766026992387235
2024-11-02 12:47:01,0.3456808235331703,0.17166209773105726,0.5289202843282075
2024-11-03 00:26:58,0.2589692529781188,0.07526908158747848,0.4407439672487785
2024-11-03 12:06:54,0.340859571905696,0.1533102338205886,0.510809068401842
2024-11-03 23:46:51,0.2750304063234019,0.08148836210298312,0.4624738846825023
2024-11-04 11:26:47,0.39098658593497304,0.1940087326517766,0.5676060802548052
2024-11-04 23:06:44,0.2845760425159478,0.10626458465759231,0.4622679333864771
2024-11-05 10:46:40,0.36819272314160717,0.17633949187737905,0.5471413176452736
2024-11-05 22:26:37,0.2486270511157217,0.07376829008790857,0.4457263056497474
2024-11-06 10:06:33,0.3585726135515592,0.171971812780011,0.5384615276239766
2024-11-06 21:46:30,0.2505927822797498,0.07717453750945255,0.427685570408964
2024-11-07 09:26:26,0.3314943520665645,0.15454161068677838,0.5135991506497891
2024-11-07 21:06:23,0.20615874894347871,0.02809824021764382,0.3832633219294693
2024-11-08 08:46:20,0.28798132758012873,0.1070643205857705,0.48594146536506466
2024-11-08 20:26:16,0.20806006448411843,0.017633521398403983,0.3894034012579541
2024-11-09 08:06:13,0.2906538592852449,0.11885211689105485,0.47441240922432437
2024-11-09 19:46:09,0.21308164733543117,0.013845755700400569,0.3878250764629852
2024-11-10 07:26:06,0.28146763672470365,0.09621706154770991,0.4760074829585346
2024-11-10 19:06:02,0.24893665440275853,0.06305774137323242,0.4431119079046222
2024-11-11 06:45:59,0.3348195204025282,0.14772684319812565,0.5247909744327567
2024-11-11 18:25:55,0.3002255724733728,0.10749944157755789,0.47552802183701925
2024-11-12 06:05:52,0.3286249403438675,0.138846599686011,0.5009331758484992
2024-11-12 17:45:48,0.2741400225930626,0.09640755160029735,0.4590879769244421
2024-11-13 05:25:45,0.30626475954178084,0.10920056166023374,0.49338645540199816
2024-11-13 17:05:41,0.27695506149796856,0.09758578930020066,0.45641016116342054
2024-11-14 04:45:38,0.2881537180927458,0.10881743423391897,0.4690917953241313
2024-11-14 16:25:35,0.23417859488271323,0.052266565556181185,0.42557878242834873
2024-11-15 04:05:31,0.23338006782958248,0.04938843785823129,0.41725514523008883
2024-11-15 15:45:28,0.21873126865062534,0.03472328028477273,0.3945583219046228
2024-11-16 03:25:24,0.2363314010701278,0.06476551064368216,0.4169404098247564
2024-11-16 15:05:21,0.23183974387654918,0.044120084169794516,0.4058104677440106
2024-11-17 02:45:17,0.2292050369448836,0.05104106871579622,0.39830412990854575
2024-11-17 14:25:14,0.262353608198845,0.090662131149849,0.44477074898834823
2024-11-18 02:05:10,0.28109640410843373,0.11166255342286205,0.45595298391988237
2024-11-18 13:45:07,0.340093092619268,0.16692437288837536,0.5220673825812818
2024-11-19 01:25:03,0.29903919808251167,0.09881505141661213,0.48846722793850256
2024-11-19 13:05:00,0.3349799723750614,0.16052081288012215,0.5259983516400651
2024-11-20 00:44:56,0.26694793568872277,0.08996013175199889,0.44900293612787817
2024-11-20 12:24:53,0.3419310801641452,0.15581307018158821,0.5131015328089562
2024-11-21 00:04:49,0.2515898238178066,0.06464477446426427,0.44173860497042006
2024-11-21 11:44:46,0.3116350305191585,0.12463753660115894,0.4929895226853489
2024-11-21 23:24:43,0.1843749293044738,0.004707382017476897,0.3680245260747829
2024-11-22 11:04:39,0.2753452159941989,0.10430646848033776,0.4776091039574178
2024-11-22 22:44:36,0.1744903007616706,0.0,0.34959521423660644
2024-11-23 10:24:32,0.2833889310927511,0.10471058132922771,0.44865305504943326
2024-11-23 22:04:29,0.17445701947197978,0.0,0.35857725463192275
2024-11-24 09:44:25,0.2949161047714393,0.1188863024689075,0.4718724004112814
2024-11-24 21:24:22,0.2335221690547753,0.041676469684935304,0.4150470811338143
2024-11-25 09:04:18,0.3762320439208244,0.18453373861457437,0.5676284303780847
2024-11-25 20:44:15,0.30684684603010604,0.12665740282578444,0.487005258669058
2024-11-26 08:24:11,0.3922902572047134,0.20679106859093904,0.5885590317943449
2024-11-26 20:04:08,0.31585454283207587,0.135396314877548,0.4925184953370708
2024-11-27 07:44:04,0.4022641445233939,0.21711939458075472,0.5857107223006606
2024-11-27 19:24:01,0.3490302072859782,0.16576871248951083,0.5240155592059264
2024-11-28 07:03:58,0.3957868923152654,0.21820933713178498,0.5787251260720032
2024-11-28 18:43:54,0.3191275241362036,0.12065486551895327,0.5170337712859223
2024-11-29 06:23:51,0.3514982691530899,0.17606548187430457,0.5316412105507751
2024-11-29 18:03:47,0.31326768759598356,0.1283160301035951,0.5055490566296046
2024-11-30 05:43:44,0.3550934201168547,0.17436757030726668,0.5329182987708804
2024-11-30 17:23:40,0.31654697937177045,0.12835529827833167,0.4985284330587781
2024-12-01 05:03:37,0.26190871739715404,0.08591660790756409,0.45935004762244486
2024-12-01 16:43:33,0.26014811570980134,0.07874120255869094,0.44523692957682504
2024-12-02 04:23:30,0.5808787114607737,0.3910606306948842,0.763187654071804
2024-12-02 16:03:26,0.587930673779693,0.3975304302857627,0.7653436033439582
2024-12-03 03:43:23,0.17077741182001682,0.0,0.3470201648173931
2024-12-03 15:23:19,0.1538337521058772,0.0,0.332461440095406
2024-12-04 03:03:16,0.4234496179578238,0.22333021648717283,0.6009732579782527
2024-12-04 14:43:12,0.43925981416205123,0.2600615183994264,0.636393417389629
2024-12-05 02:23:09,0.42185379031499787,0.2333922711609563,0.6056705914717885
2024-12-05 14:03:06,0.4177161232796355,0.22237950234243556,0.6055483588961927
2024-12-06 01:43:02,0.3614758389441599,0.178934278666298,0.5453464343023265
2024-12-06 13:22:59,0.3957349247413469,0.20711588066369285,0.582429594998022
2024-12-07 01:02:55,0.34319348989064424,0.15350816184108468,0.5315526377617256
2024-12-07 12:42:52,0.39623775914712955,0.2094512068891768,0.5755875457205067
2024-12-08 00:22:48,0.3089421268904484,0.11368748490723138,0.5038555541632923
2024-12-08 12:02:45,0.3940061539804612,0.22586768496841442,0.5743912131939273
2024-12-08 23:42:41,0.3279791110887582,0.1376645807063657,0.5168117852239926
2024-12-09 11:22:38,0.4467823905782369,0.25945371508584547,0.6382176492741363
2024-12-09 23:02:34,0.34101600636032764,0.1514190586310357,0.515208663680076
2024-12-10 10:42:31,0.4265676630368678,0.23485021322253669,0.608421898209573
2024-12-10 22:22:27,0.30795477252221937,0.1262400887512573,0.4750755733418098
2024-12-11 10:02:24,0.4187397703741731,0.23029543092415708,0.6013947492094855
2024-12-11 21:42:21,0.3122480205119863,0.12200280098542306,0.4975669318997001
2024-12-12 09:22:17,0.3930263258099406,0.21539528587735174,0.5779921607458913
2024-12-12 21:02:14,0.2690582440959882,0.08267957120185133,0.4518036167952053
2024-12-13 08:42:10,0.34952043961402623,0.17501379076173199,0.5431094442545717
2024-12-13 20:22:07,0.2706918507573275,0.0824703416709509,0.4420390862204505
2024-12-14 08:02:03,0.35137952264996786,0.16261292044096978,0.5291940246990913
2024-12-14 19:42:00,0.2745327461763821,0.09460335549544566,0.4589466693623361
2024-12-15 07:21:56,0.3404859265327552,0.16333766245080375,0.5317729947920435
2024-12-15 19:01:53,0.3081081356005616,0.11836159177169123,0.47456866916950563
2024-12-16 06:41:49,0.39175431169085884,0.22254458241277378,0.5689967170040608
2024-12-16 18:21:46,0.35729500756977106,0.1825631928803935,0.548074779318016
2024-12-17 06:01:42,0.38380585933486266,0.20190669833943228,0.5571445752321843
2024-12-17 17:41:39,0.3290915135960358,0.15002862492835412,0.5085630981788607
2024-12-18 05:21:35,0.3594901137087644,0.17741056674405417,0.5369513260205783
2024-12-18 17:01:32,0.3301174504458931,0.15530722882377343,0.5197147072081607
2024-12-19 04:41:29,0.3399894584926938,0.16484465660947054,0.5107866650765271
2024-12-19 16:21:25,0.2861138541182484,0.09766775990006786,0.475632996463288
2024-12-20 04:01:22,0.283657012011659,0.09576502118709657,0.47329429155942043
2024-12-20 15:41:18,0.2692706502495632,0.0831035037694368,0.44587213610256005
2024-12-21 03:21:15,0.28500822492708033,0.098205162815339,0.4698203502522348
2024-12-21 15:01:11,0.281271998984052,0.0955463654740366,0.4635451000017766
2024-12-22 02:41:08,0.2762307936905473,0.10128310955333437,0.45833573119539783
2024-12-22 14:21:04,0.3103321260396219,0.11997134020413933,0.4867239853254392
2024-12-23 02:01:01,0.3263965377145206,0.15107428654563448,0.5193104311855176
2024-12-23 13:40:57,0.38707969976763,0.21343366517114054,0.5723743103506499
2024-12-24 01:20:54,0.34358960656941523,0.15128880248182336,0.5220057879397989
2024-12-24 13:00:50,0.3815420609514801,0.21160821699076607,0.559773813341615
2024-12-25 00:40:47,0.3113781141958293,0.12903969364527593,0.4942610614633717
2024-12-25 12:20:44,0.3888028525954084,0.2077314815212749,0.5781191612262232
2024-12-26 00:00:40,0.29758355323712826,0.1185201935329866,0.4802540141631859
2024-12-26 11:40:37,0.36047943675580835,0.17734453359642888,0.536721123284899
2024-12-26 23:20:33,0.23352194818175517,0.044646837573618176,0.43252543597212273
2024-12-27 11:00:30,0.32728094867446594,0.14518649022666347,0.5043676457002791
2024-12-27 22:40:26,0.22826674836484875,0.04997148810985141,0.42047465110790716
2024-12-28 10:20:23,0.3400891685586034,0.16136707694372876,0.5241142804526594
2024-12-28 22:00:19,0.23437889916803828,0.043124785581409704,0.41562267840887673
2024-12-29 09:40:16,0.3573881226038104,0.1872366296863936,0.5430554163261169
2024-12-29 21:20:12,0.30022331341677344,0.1184949387586021,0.4802813271384026
2024-12-30 09:00:09,0.44554710635639483,0.2636462717117218,0.6270273917848853
2024-12-30 20:40:05,0.38144049286739085,0.2060454217397058,0.5708188342520477
2024-12-31 02:40:05,0.44841096253073576,0.25675883905565505,0.6497600804598325
2024-12-31 08:40:05,0.466109159371662,0.2876852456658468,0.6642753901450318
2024-12-31 14:40:05,0.45338111283183685,0.2694114283188485,0.6347803951602631
2024-12-31 20:40:05,0.37949567497030295,0.20171658415273808,0.5623525014380959
2025-01-01 02:40:05,0.45301824479407415,0.2666789896367443,0.6405717798306735
2025-01-01 08:40:05,0.4824546105321855,0.30428035825946126,0.6590336381465702
2025-01-01 14:40:05,0.4792409643825053,0.30198026977501397,0.6651270460498465
2025-01-01 20:40:05,0.40655999179634583,0.2200642785130565,0.5828926900277661
2025-01-02 02:40:05,0.4708475828864179,0.2803196569966826,0.6619965141622165
2025-01-02 08:40:05,0.4833160591694559,0.29154411599176666,0.656712538565616
2025-01-02 14:40:05,0.4617155251146871,0.2688782508341657,0.6495013192454716
2025-01-02 20:40:05,0.37637522458211226,0.18951924826327204,0.5618593005509503
2025-01-03 02:40:05,0.4386166911051319,0.2432565936459626,0.60853984286841
2025-01-03 08:40:05,0.4602176928785065,0.2814621298082492,0.6391113307761269
2025-01-03 14:40:05,0.4550360858630451,0.264591158084109,0.6424663516292678
2025-01-03 20:40:05,0.3868721227597584,0.21007655523385454,0.5740088711548179
2025-01-04 02:40:05,0.4608355434391519,0.29284510118180546,0.6338121420660932
2025-01-04 08:40:05,0.4855754880931018,0.3070287000374643,0.6584235501278024
2025-01-04 14:40:05,0.4762491840133414,0.29925198792427254,0.6616264342133784
2025-01-04 20:40:05,0.4017066309077949,0.22838719053056208,0.5847674231882863
2025-01-05 02:40:05,0.4734543123840398,0.27697711319822504,0.6478041693217296
2025-01-05 08:40:05,0.5048220831581374,0.32903122717630345,0.6928798084442378
2025-01-05 14:40:05,0.5115771761132463,0.32755284347870445,0.6906419370180347
2025-01-05 20:40:05,0.4585304128049883,0.27729428872624073,0.6356919945227048
2025-01-06 02:40:05,0.5499924913157656,0.3677780324257474,0.7410102213725906
2025-01-06 08:40:05,0.5918902518254324,0.40500545186957765,0.7687571145375603
2025-01-06 14:40:05,0.5955250320070964,0.41119609743499513,0.7761324359426411
2025-01-06 20:40:05,0.5261550291379036,0.35840656665427745,0.7125103667284204
2025-01-07 02:40:05,0.5933885038796749,0.4097484848906325,0.7902290039290052
2025-01-07 08:40:05,0.6112007861727149,0.43899019245323934,0.7895008527073996
2025-01-07 14:40:05,0.5984377808217493,0.40855601409033965,0.7852790882725839
2025-01-07 20:40:05,0.5243684480476782,0.34587495434635607,0.6942024105238238
2025-01-08 02:40:05,0.5975585276203628,0.40939635668208824,0.7829195820239456
2025-01-08 08:40:05,0.6265143805360955,0.4448172415930432,0.8245266511338242
2025-01-08 14:40:05,0.6226730027846304,0.44177600131285155,0.794200728796029
2025-01-08 20:40:05,0.5492181132593328,0.38012918567469206,0.7386298224343067
2025-01-09 02:40:05,0.612586863408378,0.4296283104107872,0.7997766502186802
2025-01-09 08:40:05,0.6239930618324248,0.4262587746237326,0.8128496195306577
2025-01-09 14:40:05,0.6011885233156128,0.421826624442671,0.7828609020596176
2025-01-09 20:40:05,0.5145044223612648,0.32597963081052345,0.7002309554423858
2025-01-10 02:40:05,0.5752644402115554,0.3998016287348372,0.7660110862748076
2025-01-10 08:40:05,0.5952487061988059,0.40986250722370554,0.7682945920122478
2025-01-10 14:40:05,0.5883176468612712,0.4073257765306866,0.7855845309876853
2025-01-10 20:40:05,0.5182742905743913,0.3256049503789159,0.7200936024607536
2025-01-11 02:40:05,0.5902313532907474,0.40900928690344845,0.7730233631123781
2025-01-11 08:40:05,0.6128411466720464,0.43307280194557757,0.7908422126450847
2025-01-11 14:40:05,0.601264259515249,0.42507098557988177,0.7994269039969055
2025-01-11 20:40:05,0.5243542373994858,0.351412935716845,0.7025884760632226
2025-01-12 02:40:05,0.5936212881957508,0.422322093254438,0.7639614288286068
2025-01-12 08:40:05,0.6223991629975802,0.4236772012443756,0.8048189804011282
2025-01-12 14:40:05,0.6264591566207406,0.43577845784610386,0.7902227473040072
2025-01-12 20:40:05,0.570616311271074,0.4106062102388113,0.7461853907301523
2025-01-13 02:40:05,0.6591856972949705,0.47303592071745776,0.8357555697390813
2025-01-13 08:40:05,0.6980986714024286,0.5109650773566081,0.8877595799903543
2025-01-13 14:40:05,0.6986612244663725,0.5022458033149501,0.8876654248890862
2025-01-13 20:40:05,0.626136335821125,0.4231706080217617,0.8177229476757507
2025-01-14 02:40:05,0.6901371690115393,0.5143406797868748,0.8761667241855973
2025-01-14 08:40:05,0.7046440694608921,0.5156987596914754,0.8858990849802041
2025-01-14 14:40:05,0.6885080616459845,0.5158446723982866,0.8718481650376119
2025-01-14 20:40:05,0.6110033210704015,0.42500991693686463,0.7948371885346636
2025-01-15 02:40:05,0.6807008896602739,0.5109251078054006,0.8576209820432521
2025-01-15 08:40:05,0.7061125085736104,0.5118153913910842,0.8828165744292322
2025-01-15 14:40:05,0.698680622960173,0.5221624967242587,0.8811050673820293
2025-01-15 20:40:05,0.6215944607805581,0.4318340147969075,0.7931392937039919
2025-01-16 02:40:05,0.6812967332471885,0.48627893560261953,0.8560585570788801
2025-01-16 08:40:05,0.6890068501524897,0.5052837811281524,0.8740196293252016
2025-01-16 14:40:05,0.6624822595643861,0.4757293519418091,0.8423528057185539
2025-01-16 20:40:05,0.5720597919843589,0.389214149462838,0.7698429096459876
2025-01-17 02:40:05,0.6290687979555084,0.44251722519379577,0.8182705915635271
2025-01-17 08:40:05,0.6452950800003387,0.4526353408380044,0.8224273947054479
2025-01-17 14:40:05,0.6346047323163284,0.45079767279802696,0.817065475609136
2025-01-17 20:40:05,0.5608064360171743,0.37609261975850355,0.7296310904210969
2025-01-18 02:40:05,0.6290185355133853,0.4588183734006755,0.8176029181331829
2025-01-18 08:40:05,0.6478989373402758,0.4696729410302421,0.823737981074554
2025-01-18 14:40:05,0.6326137823502611,0.4639554224549568,0.8103874237021358
2025-01-18 20:40:05,0.5520221162094648,0.35388445550860653,0.7323745791046996
2025-01-19 02:40:05,0.6176395858565025,0.444892928065739,0.8095144062081343
2025-01-19 08:40:05,0.6428053115049788,0.4662378584885422,0.8203881345972787
2025-01-19 14:40:05,0.6432958783371231,0.4532251811208539,0.8303704363639047
2025-01-19 20:40:05,0.5839315315172932,0.39594522780120994,0.7767874093305103
2025-01-20 02:40:05,0.6690324484584101,0.48814839176643393,0.8471918604270396
2025-01-20 08:40:05,0.7045349887165677,0.5223532299492031,0.890201953864067
2025-01-20 14:40:05,0.7017500336750191,0.5233490593024988,0.8891323509280453
2025-01-20 20:40:05,0.6259453329136089,0.4428060376134794,0.8082201076640501
2025-01-21 02:40:05,0.6867386922608807,0.502698532119683,0.8734799212671842
2025-01-21 08:40:05,0.6981149639846153,0.5121054939642109,0.8837744375078128
2025-01-21 14:40:05,0.6789295367416359,0.49944132141358255,0.8602626587714364
2025-01-21 20:40:05,0.5984608005775208,0.4252973249577542,0.7851304468013026
2025-01-22 02:40:05,0.6652838556180536,0.46830516511532083,0.8528541409350168
2025-01-22 08:40:05,0.687914338451262,0.5003198830772625,0.8802500560377128
2025-01-22 14:40:05,0.6777984207570759,0.49766304295847535,0.8580014092894108
2025-01-22 20:40:05,0.5981288822845553,0.39979199216332434,0.7853444735815235
2025-01-23 02:40:05,0.6553518057747861,0.47128227589016647,0.8373914360689418
2025-01-23 08:40:05,0.6606897870790103,0.4830446239670426,0.8427696292821674
2025-01-23 14:40:05,0.6319032699798054,0.44740631211196424,0.8138869846569379
2025-01-23 20:40:05,0.5393318858084313,0.3550385396869525,0.7208881731051823
2025-01-24 02:40:05,0.5943075868494604,0.41555124652695674,0.7775008399701892
2025-01-24 08:40:05,0.6086185744429491,0.4148341419737806,0.7843646229507896
2025-01-24 14:40:05,0.5961331351809015,0.40551459604438733,0.7820661181007277
2025-01-24 20:40:05,0.5206619330213229,0.3294080939418247,0.712702097247806
2025-01-25 02:40:05,0.5873250829135304,0.4076187001401456,0.7587413283004152
2025-01-25 08:40:05,0.6047820472319301,0.42628431801201677,0.7775943432818506
2025-01-25 14:40:05,0.5882003059579732,0.40951786091812736,0.7607378257521946
2025-01-25 20:40:05,0.5064400255408058,0.3156926273384982,0.6904385957449874
2025-01-26 02:40:05,0.5710177541010635,0.3852392867150274,0.7535285258520578
2025-01-26 08:40:05,0.5952732925591075,0.4099343793161639,0.7779641004146967
2025-01-26 14:40:05,0.5949836858438976,0.41750263078051264,0.7912240061682012
2025-01-26 20:40:05,0.5349694177948054,0.347341535257527,0.7140828057698129
2025-01-27 02:40:05,0.6195506837098977,0.4360960724540445,0.7901307110642242
2025-01-27 08:40:05,0.6546636408962051,0.4674656332330017,0.8329720057095388
2025-01-27 14:40:05,0.6516187493957484,0.4601448247410647,0.8140036216351784
2025-01-27 20:40:05,0.5756831197705456,0.3875050870511313,0.7606921744328355
2025-01-28 02:40:05,0.6364737029449636,0.4451462278116903,0.8280138978907411
2025-01-28 08:40:05,0.6479742825631285,0.46310018867478425,0.8163641532382382
2025-01-28 14:40:05,0.6290389674645662,0.4486066815857808,0.830337115848368
2025-01-28 20:40:05,0.5489446595747135,0.36540672021634674,0.728340055975342
2025-01-29 02:40:05,0.6162647658451629,0.4391025535437873,0.7981522226186291
2025-01-29 08:40:05,0.6395130282293824,0.4535713227542283,0.818766727956331
2025-01-29 14:40:05,0.6301335262519802,0.44541911128341677,0.8049942191900358
2025-01-29 20:40:05,0.5513167542610531,0.35932581854834855,0.728961500828845
2025-01-30 02:40:05,0.6095063209480351,0.4376671838688633,0.7970539833133866
2025-01-30 08:40:05,0.6159221643887215,0.43057172823679474,0.7929541626208464
2025-01-30 14:40:05,0.5883218920893267,0.39909882056768115,0.764794640591008
2025-01-30 20:40:05,0.49704212613305426,0.30975906025335387,0.6757737764871323
2025-01-31 02:40:05,0.5534116423994885,0.36235399389518425,0.7373622758385947
2025-01-31 08:40:05,0.5692153047606398,0.38762650422300715,0.7489043334998131
2025-01-31 14:40:05,0.5583179076394472,0.3808864333829505,0.7376601497577483
2025-01-31 20:40:05,0.4845264747408091,0.2990032008730688,0.6715345796298807
2025-02-01 02:40:05,0.5529573395326014,0.37348947279499145,0.7407846085519582
2025-02-01 08:40:05,0.5722660487745662,0.3844462475976531,0.7523352803573926
2025-02-01 14:40:05,0.5576160399978033,0.37069032851644335,0.7552156035136484
2025-02-01 20:40:05,0.4778633178889356,0.28827685413645826,0.6453140352509076
2025-02-02 02:40:05,0.5445201571841116,0.3703081554829073,0.7303058348928646
2025-02-02 08:40:05,0.5709219816782365,0.3828885278519703,0.7539287618579059
2025-02-02 14:40:05,0.5728413634734844,0.3962758569280416,0.7505929137434527
2025-02-02 20:40:05,0.5150942260677398,0.32570482520221744,0.6886191664168787
2025-02-03 02:40:05,0.6019961252196455,0.41104901134010513,0.7867328209510679
2025-02-03 08:40:05,0.6394785079377237,0.4521309239070882,0.8153555959679895
2025-02-03 14:40:05,0.6388470617421063,0.4557325666728117,0.8224905328478099
2025-02-03 20:40:05,0.5653640710768311,0.37283294137915146,0.7507173412275703
2025-02-04 02:40:05,0.6286416158475303,0.45339291151490385,0.82664868668366
2025-02-04 08:40:05,0.6426585725289641,0.4540040120932,0.8077480810326876
2025-02-04 14:40:05,0.626264115434708,0.4340914238401457,0.8116048422020401
2025-02-04 20:40:05,0.5487301934216547,0.36298079796456556,0.7217142786677334
2025-02-05 02:40:05,0.6186252506533325,0.4240811707524155,0.7953159093365056
2025-02-05 08:40:05,0.6444580653932617,0.4625975576302754,0.8179224291447765
2025-02-05 14:40:05,0.63766776136651,0.4436967017648779,0.8199926101382482
2025-02-05 20:40:05,0.5614398937599483,0.37422977382539624,0.7363452660724954
2025-02-06 02:40:05,0.6222131574540316,0.4326953263876224,0.79356065103065
2025-02-06 08:40:05,0.6312026106774982,0.4426170156172795,0.8322967702729881
2025-02-06 14:40:05,0.6061610236075046,0.4327307238025015,0.789042193109895
2025-02-06 20:40:05,0.5174202319518286,0.3396562555884405,0.6996644180610624
2025-02-07 02:40:05,0.5763042844984526,0.3889169069611732,0.7676083196844826
2025-02-07 08:40:05,0.5945933855093326,0.39950619014678973,0.7775820083285516
2025-02-07 14:40:05,0.5861477453268537,0.4111954092367079,0.7538732653734014
2025-02-07 20:40:05,0.514769887000941,0.33409969746629864,0.6962169914326928
2025-02-08 02:40:05,0.5855717344888255,0.40442574237780227,0.7782951284433778
2025-02-08 08:40:05,0.6072045237155173,0.4328517695697004,0.7832467637501275
2025-02-08 14:40:05,0.5948274873918158,0.4147336710555386,0.7817360393926476
2025-02-08 20:40:05,0.5172925385136855,0.3275952311150411,0.6909608182252134
2025-02-09 02:40:05,0.5861079801596707,0.398875373613055,0.775650562659309
2025-02-09 08:40:05,0.614605391153832,0.4247386234471991,0.7966521025529906
2025-02-09 14:40:05,0.6185536317295834,0.4422271680323518,0.8048390800208086
2025-02-09 20:40:05,0.5627650527713657,0.3811713061102482,0.7343752866265006
2025-02-10 02:40:05,0.651551782553652,0.4684447266805901,0.8262763319834399
2025-02-10 08:40:05,0.6908419913457019,0.5147196140483973,0.8780924971679588
2025-02-10 14:40:05,0.6919382459748757,0.5069200132809576,0.8753343289976672
2025-02-10 20:40:05,0.6200998712553286,0.43740897090399955,0.8180774792959418
2025-02-11 02:40:05,0.6849361532359871,0.4969237056117782,0.8608783480893543
2025-02-11 08:40:05,0.700423344697267,0.526727065486505,0.8872239128447348
2025-02-11 14:40:05,0.6854081704874603,0.5085712401859764,0.8696595484387223
2025-02-11 20:40:05,0.6091603079775852,0.41622265710476447,0.7850596396413946
2025-02-12 02:40:05,0.680246111220416,0.4936314663776827,0.8541125682441792
2025-02-12 08:40:05,0.7071724528134627,0.5194102641812831,0.87337177456419
2025-02-12 14:40:05,0.7013767379810875,0.5200940428524276,0.8886441837749885
2025-02-12 20:40:05,0.6260429929423567,0.45067222069086005,0.8160605438448715
2025-02-13 02:40:05,0.6876085751631758,0.5073033304310038,0.871247948152602
2025-02-13 08:40:05,0.6972873986696468,0.510095320551988,0.8904319466852623
2025-02-13 14:40:05,0.6728312839519318,0.4811196969517851,0.8615589665938108
2025-02-13 20:40:05,0.5845713124904561,0.4039516313238398,0.7663243773140667
2025-02-14 02:40:05,0.6438309748860352,0.4692187309333534,0.821473564162345
2025-02-14 08:40:05,0.6623901134743073,0.4742553140249177,0.844036728800937
2025-02-14 14:40:05,0.6541087727953336,0.4670378936395449,0.8451105864531598
2025-02-14 20:40:05,0.5827895057168075,0.40402400824689594,0.7575370781711213
2025-02-15 02:40:05,0.653544460780335,0.46751519584467743,0.8582541012982172
2025-02-15 08:40:05,0.6750252920456651,0.4884588450118004,0.8670684923098542
2025-02-15 14:40:05,0.662391842345813,0.4864141650174321,0.8440722597071803
2025-02-15 20:40:05,0.5844968248661522,0.4088966344149793,0.7801235534188479
2025-02-16 02:40:05,0.6528495306897497,0.4718558845565688,0.8286029029877491
2025-02-16 08:40:05,0.6807827118553389,0.4978568557217012,0.8571327897267139
2025-02-16 14:40:05,0.6840665840873752,0.4939723392897225,0.8645800655741965
2025-02-16 20:40:05,0.6275150327777038,0.44816119750484573,0.8133205061489052
2025-02-17 02:40:05,0.7154418961396157,0.5383794206004371,0.8988632170793713
2025-02-17 08:40:05,0.7537772259143778,0.5684664641153038,0.9283829726942882
2025-02-17 14:40:05,0.7538256377305623,0.5672365844771956,0.9524871647334139
2025-02-17 20:40:05,0.6808486680318098,0.5068878622173866,0.8635734875235763
2025-02-18 02:40:05,0.7444579725304084,0.5614598718986729,0.9127016395181529
2025-02-18 08:40:05,0.7586323266366781,0.5740282014760856,0.9458291949095333
2025-02-18 14:40:05,0.7422211254525399,0.5700315513111005,0.9303225798437903
2025-02-18 20:40:05,0.6644968586285032,0.4836541086226163,0.8535036545806134
2025-02-19 02:40:05,0.7340288286745716,0.5557384888981689,0.9290277949155272
2025-02-19 08:40:05,0.7593269867374599,0.5846571938103945,0.95360423976597
2025-02-19 14:40:05,0.7518319403756089,0.5781658602635397,0.9314580906272281
2025-02-19 20:40:05,0.6747310354053961,0.49523289768595513,0.8655442040084242
2025-02-20 02:40:05,0.7344650594218328,0.5554414739347737,0.9243987339796731
2025-02-20 08:40:05,0.7422514602190491,0.5624861188855602,0.9305614918041406
2025-02-20 14:40:05,0.7158456885936543,0.5293278972621537,0.8956143909682842
2025-02-20 20:40:05,0.6255825456339879,0.4364451256372867,0.803322876577341
2025-02-21 02:40:05,0.6827893234588464,0.5074905957022755,0.8701734725665113
2025-02-21 08:40:05,0.6992497403044522,0.5260889250674566,0.8868475390490437
2025-02-21 14:40:05,0.6888277833546065,0.506365843687944,0.8735767329694468
2025-02-21 20:40:05,0.6153300071167512,0.4229163994180015,0.8003921627852535
2025-02-22 02:40:05,0.6838726129311046,0.4990117305343701,0.8579278652087571
2025-02-22 08:40:05,0.7031113509070741,0.5278296530470381,0.8819650360982076
2025-02-22 14:40:05,0.6882101952071329,0.5129176329511784,0.8636997255922572
2025-02-22 20:40:05,0.6080260176131712,0.41787931986073384,0.7749174002569674
2025-02-23 02:40:05,0.6740722870288769,0.4981963763231561,0.851643286326241
2025-02-23 08:40:05,0.6996859444773826,0.5308406690500617,0.8772489774246963
2025-02-23 14:40:05,0.7006413977810061,0.5159245926016475,0.8800063820997934
2025-02-23 20:40:05,0.6417567194954058,0.4384788648916969,0.8260199435914143
2025-02-24 02:40:05,0.72734992205908,0.5464732938528352,0.9196899053706478
2025-02-24 08:40:05,0.763355210536429,0.5995005442068407,0.9514045481131805
2025-02-24 14:40:05,0.7610813250731481,0.5900295800953189,0.9339683819970266
2025-02-24 20:40:05,0.6857938899998406,0.5002619069061498,0.8799294057818615
2025-02-25 02:40:05,0.7471086045486022,0.5744556371962793,0.9338283158353389
2025-02-25 08:40:05,0.7590082356506159,0.5834775146966655,0.9488483795008215
2025-02-25 14:40:05,0.740346110420614,0.5520578679621586,0.9112425538166836
2025-02-25 20:40:05,0.6603985836302102,0.4667493718805688,0.8495164092291068
2025-02-26 02:40:05,0.7277387487913786,0.5392024240332051,0.9239467537911548
2025-02-26 08:40:05,0.7508802668569736,0.5612247152990115,0.9485526619895148
2025-02-26 14:40:05,0.7412673670989577,0.5479459593601458,0.9140749211199726
2025-02-26 20:40:05,0.6620909222412357,0.48134255984706614,0.842298147977156
2025-02-27 02:40:05,0.7197951454647259,0.5384682425158017,0.9019698696281951
2025-02-27 08:40:05,0.7256008025220532,0.5507206665057102,0.9002029569375525
2025-02-27 14:40:05,0.6972665484613827,0.5148412816891605,0.8876429705461207
2025-02-27 20:40:05,0.60513026906163,0.4208896187087779,0.7821275219196575
2025-02-28 02:40:05,0.6605222159700392,0.4691649549288494,0.8377494110900031
2025-02-28 08:40:05,0.6752289364341624,0.4944293151641509,0.8616201398678047
2025-02-28 14:40:05,0.6631171110414489,0.4826839400948852,0.8322653514069066
2025-02-28 20:40:05,0.5879958472911431,0.39636674377778097,0.7808388836121178
2025-03-01 02:40:05,0.6549837545583854,0.47432237651312775,0.8471350614339382
2025-03-01 08:40:05,0.6727388417940335,0.4925600282059677,0.8483976953934181
2025-03-01 14:40:05,0.6564271888634206,0.46703629518219497,0.8431651845324879
2025-03-01 20:40:05,0.5749076164700366,0.402585288155395,0.7579567818400637
2025-03-02 02:40:05,0.6396953823317031,0.46956736473987765,0.825110564917691
2025-03-02 08:40:05,0.6641290531647792,0.48697310001916083,0.8512569409537302
2025-03-02 14:40:05,0.6639844966756554,0.47464196528447145,0.8709330034754645
2025-03-02 20:40:05,0.6040810771338554,0.41033455158657234,0.7885242503013502
2025-03-03 02:40:05,0.6887379284902835,0.5104597268869174,0.8697243974489256
2025-03-03 08:40:05,0.7238902054255839,0.5327768663314695,0.9155530881569743
2025-03-03 14:40:05,0.7208474244477333,0.5364664778039404,0.9049250412643579
2025-03-03 20:40:05,0.6448758119769811,0.4602641652824361,0.8321410909725795
2025-03-04 02:40:05,0.7055914943882307,0.5217609710229245,0.8818044639956901
2025-03-04 08:40:05,0.7169774904721697,0.5188614596677521,0.9128490038776828
2025-03-04 14:40:05,0.697887203931171,0.5276807183808191,0.8741373740125059
2025-03-04 20:40:05,0.6175968911981311,0.4464488766539893,0.8019214180826961
2025-03-05 02:40:05,0.6846793732212304,0.4959553110891897,0.8734126707472957
2025-03-05 08:40:05,0.7076478651873686,0.5190470169131238,0.8720189514201682
2025-03-05 14:40:05,0.6979459787746124,0.5144131273717367,0.8821960825667967
2025-03-05 20:40:05,0.6187637989837678,0.435223587511474,0.7948478864683423
2025-03-06 02:40:05,0.6765445831817944,0.4882710900208802,0.8682963451788468
2025-03-06 08:40:05,0.682507975573905,0.5037052919528922,0.8692870255200876
2025-03-06 14:40:05,0.6544113466105029,0.4707199848749764,0.832198724349979
2025-03-06 20:40:05,0.5625911374218822,0.35844712979361343,0.7409562356263936
2025-03-07 02:40:05,0.6183759982608268,0.43346615087064116,0.8138841855933378
2025-03-07 08:40:05,0.6335507218521481,0.4449460516946175,0.8172154417363402
2025-03-07 14:40:05,0.6219800850362176,0.4471718182365291,0.7989278763786117
2025-03-07 20:40:05,0.5474711465415512,0.3621234775361295,0.7387616606064781
2025-03-08 02:40:05,0.6151403264266196,0.42380050468468566,0.8131222009502906
2025-03-08 08:40:05,0.6336433085277243,0.45352394860765366,0.8028608135126006
2025-03-08 14:40:05,0.6181437168126399,0.4219797254417136,0.809785491889888
2025-03-08 20:40:05,0.5374977905695252,0.3487161209383282,0.7127829838139741
2025-03-09 02:40:05,0.6032180860830629,0.4233856187091704,0.7799264906764548
2025-03-09 08:40:05,0.6286403543733451,0.4504461904205876,0.8201924555879975
2025-03-09 14:40:05,0.6295375391306312,0.43757875293226134,0.8158549438895429
2025-03-09 20:40:05,0.5707259784659937,0.38882815174133284,0.7512670154373123
2025-03-10 02:40:05,0.6565216843933491,0.4702369440968526,0.850101667549621
2025-03-10 08:40:05,0.692856600425658,0.5345301736521844,0.875234662356532
2025-03-10 14:40:05,0.69103694939774,0.506478366672749,0.8791713679705425
2025-03-10 20:40:05,0.6163255884307409,0.42529393801664844,0.8034228944737349
2025-03-11 02:40:05,0.6783352059993993,0.49533678841352047,0.8399102514109078
2025-03-11 08:40:05,0.6910453215556753,0.5021549476421927,0.8863305438136866
2025-03-11 14:40:05,0.6733057852978713,0.498823735831012,0.8580465484423837
2025-03-11 20:40:05,0.5943892533725328,0.4024635050692455,0.7843240901923826
2025-03-12 02:40:05,0.6628649071296283,0.46806518186878554,0.842553549594566
2025-03-12 08:40:05,0.6872422903918836,0.511593022075894,0.8834464578345327
2025-03-12 14:40:05,0.6789613193152939,0.4883554222324281,0.8712724747695151
2025-03-12 20:40:05,0.6012083668752478,0.41134244078913695,0.7818281126870544
2025-03-13 02:40:05,0.6604229695924153,0.47065484001830965,0.8315736974314825
2025-03-13 08:40:05,0.667821049710471,0.4909866503113768,0.8568892019424437
2025-03-13 14:40:05,0.6411562623030412,0.47722751146513126,0.8220705819755337
2025-03-13 20:40:05,0.5507613474022306,0.368183144473325,0.728381511389982
2025-03-14 02:40:05,0.6079612761024754,0.4295753061220882,0.7940906670429301
2025-03-14 08:40:05,0.624537191528525,0.4347305325409189,0.7950482439306603
2025-03-14 14:40:05,0.6143502580471776,0.4330156487434109,0.7891475555660926
2025-03-14 20:40:05,0.5412039665238332,0.35574967830772797,0.7351612332958589
2025-03-15 02:40:05,0.6102112211745041,0.41330002156863416,0.7880882289595145
2025-03-15 08:40:05,0.6300242493133931,0.44680758673150406,0.8053454993113398
2025-03-15 14:40:05,0.615803284897262,0.43252086425311514,0.7924121350124509
2025-03-15 20:40:05,0.5364012507746505,0.3560306394106682,0.721691586330751
2025-03-16 02:40:05,0.6033274672781507,0.4321289809541044,0.7848396927710637
2025-03-16 08:40:05,0.6299145367249828,0.4446542118300324,0.817029442066357
2025-03-16 14:40:05,0.6319323479468582,0.4498126318985249,0.8182322440329478
2025-03-16 20:40:05,0.5741942844475442,0.3822769200716641,0.7677276716178919
2025-03-17 02:40:05,0.6610135101060974,0.4712540843077321,0.8552371208783773
2025-03-17 08:40:05,0.6983192327798508,0.5072970745358818,0.8976660759633449
2025-03-17 14:40:05,0.6974150579184193,0.5163291718700372,0.8815260942555416
2025-03-17 20:40:05,0.6235613490988693,0.4379834604016754,0.8201816779541388
2025-03-18 02:40:05,0.6863684304070824,0.4935707911792433,0.8705922557827115
2025-03-18 08:40:05,0.699813591136083,0.5165564962743794,0.8846464382979222
2025-03-18 14:40:05,0.6827445903695493,0.4941354210160049,0.868392778962178
2025-03-18 20:40:05,0.6044321367203676,0.4164720632184159,0.7869215931351271
2025-03-19 02:40:05,0.6734436118528033,0.49617958156927844,0.8479754270999195
2025-03-19 08:40:05,0.6982869117224391,0.5332581041965496,0.8879747147688245
2025-03-19 14:40:05,0.6904004601187586,0.5061324830350168,0.8726702151623953
2025-03-19 20:40:05,0.6129692965274443,0.4309135319089549,0.7911250003839481
2025-03-20 02:40:05,0.6724317859231985,0.48334991693982104,0.8354091371078697
2025-03-20 08:40:05,0.6800028436970467,0.5007111752585954,0.8789801033453044
2025-03-20 14:40:05,0.6534352851972061,0.468257551770795,0.8279639244199646
2025-03-20 20:40:05,0.5630611799567284,0.38121655307521646,0.7364238176747517
2025-03-21 02:40:05,0.6202049995734906,0.43449568440685044,0.8059787492691831
2025-03-21 08:40:05,0.6366475601142716,0.43870024675648295,0.8061259887706107
2025-03-21 14:40:05,0.626249872429728,0.44845005614683303,0.8104986658937055
2025-03-21 20:40:05,0.5528154481649152,0.37163214571950043,0.7342861090549383
2025-03-22 02:40:05,0.6214573870402237,0.448554666279149,0.7872368420507867
2025-03-22 08:40:05,0.64082828666421,0.4671751985881675,0.8236934693447702
2025-03-22 14:40:05,0.6260889258140588,0.4416603006534984,0.7977388939663361
2025-03-22 20:40:05,0.5460929460685767,0.3736587351623289,0.7426382211763471
2025-03-23 02:40:05,0.6123505594490388,0.4357063934162216,0.8025501510221279
2025-03-23 08:40:05,0.6381954316171914,0.45473286278018,0.8198183522126513
2025-03-23 14:40:05,0.6393986847714553,0.4589738058662256,0.8254916770540128
2025-03-23 20:40:05,0.580775103828548,0.4023263599398444,0.7628155485745776
2025-03-24 02:40:05,0.6666394198172234,0.5062432713054887,0.8485274216113495
2025-03-24 08:40:05,0.7029225708455427,0.5144553336998838,0.8972536569928843
2025-03-24 14:40:05,0.7009300527482658,0.5179549678874099,0.8733800497976734
2025-03-24 20:40:05,0.6259242763406039,0.44154140064391606,0.8029808083484191
2025-03-25 02:40:05,0.687517766200517,0.4947049101132127,0.8692768437007681
2025-03-25 08:40:05,0.699690161459064,0.5169671492588197,0.886098950832318
2025-03-25 14:40:05,0.6812917161786756,0.49631186306904107,0.8465175490520604
2025-03-25 20:40:05,0.6015957745915275,0.4079940000589096,0.7799866089791276
2025-03-26 02:40:05,0.66917248982586,0.48923192473092697,0.8474062249115125
2025-03-26 08:40:05,0.6925326601002325,0.5249484939829198,0.8791807616306803
2025-03-26 14:40:05,0.6831177369166577,0.5184888976011063,0.8733937536429773
2025-03-26 20:40:05,0.6041159073435217,0.426280881404346,0.7983180783632033
2025-03-27 02:40:05,0.6619687979689073,0.4849371289258103,0.835133837806715
2025-03-27 08:40:05,0.6678946937532146,0.4798638506602604,0.8608684810246807
2025-03-27 14:40:05,0.6396498812654314,0.45201144383184555,0.8249812236093057
2025-03-27 20:40:05,0.5475699964061546,0.3771136789251983,0.7291853000007967
2025-03-28 02:40:05,0.6029831655570708,0.4285487262746913,0.7859702325711045
2025-03-28 08:40:05,0.6176739410855034,0.4297617608250199,0.8098635035645997
2025-03-28 14:40:05,0.6055071445684531,0.42379163913335766,0.7990000939655756
2025-03-28 20:40:05,0.5302901655561473,0.3428470478739278,0.6998859334494035
2025-03-29 02:40:05,0.5971400414495152,0.4108680046218519,0.7742498569557082
2025-03-29 08:40:05,0.6147133597739285,0.4336617644357142,0.8047952413445253
2025-03-29 14:40:05,0.5981749337986689,0.40609759001068313,0.7832694656753968
2025-03-29 20:40:05,0.5163824763981019,0.3322114301323841,0.7131807463975794
2025-03-30 02:40:05,0.5809883525939048,0.4118429878311283,0.774637653031626
2025-03-30 08:40:05,0.6050542437307697,0.4354230826804902,0.7809160726180747
2025-03-30 14:40:05,0.6044934589757687,0.40662046111680317,0.7769272986093447
2025-03-30 20:40:05,0.544124922363066,0.36564228945015104,0.7389013470302339
